Architecture,Best_Width,Best_Height,Boost_Clock,Core_Speed,DVI_Connection,Dedicated,Direct_X,DisplayPort_Connection,HDMI_Connection,Integrated,L2_Cache,Manufacturer,Max_Power,Memory,Memory_Bandwidth,Memory_Bus,Memory_Speed,Memory_Type,Name,0tebook_GPU,Open_GL,PSU_V,PSU_AMP,Pixel_Rate,Power_Connector,Process,ROPs,Release_Price,W,H,SLI_Crossfire,Shader,TMUs,Texture_Rate,VGA_Connection,Days_since_RD
GCN 1.3 Ellesmere XT,2560,1440,1266,1120,0,1,DX 12.0,3,1,0,2048KB,ATI,150,8192,256,256,2000,GDDR5,Radeon RX 480 Gigabyte Windforce 8GB,0,4.5,500,33,41,1x 6-pin,14nm,32,120.00,7680,4320,0,5,144,182,0,2711
GCN 1.3 Ellesmere XT,2560,1440,1266,1120,0,1,DX 12.0,3,1,0,2048KB,ATI,150,8192,256,256,2000,GDDR5,Radeon RX 480 HIS 8GB,0,4.5,500,33,41,1x 6-pin,14nm,32,120.00,7680,4320,0,5,144,182,0,2711
GCN 1.3 Ellesmere XT,2560,1440,1266,1120,0,1,DX 12.0,3,1,0,2048KB,ATI,150,8192,256,256,2000,GDDR5,Radeon RX 480 Asus 8GB,0,4.5,500,33,41,,14nm,32,120.00,7680,4320,0,5,144,182,0,2711
GCN 1.3 Ellesmere XT,2560,1440,1266,1120,0,1,DX 12.0,3,1,0,2048KB,ATI,150,8192,256,256,2000,GDDR5,Radeon RX 480 Diamond 8GB,0,4.5,500,33,41,1x 6-pin,14nm,32,120.00,7680,4320,0,5,144,182,0,2711
GCN 1.3 Baffin XT,1600,900,1210,1090,1,1,DX 12.0,1,1,0,1024KB,ATI,75,4096,112,128,1750,GDDR5,Radeon RX 460 MSI OC 4GB,0,4.5,350,23,19,,14nm,16,120.00,5120,2880,0,5,56,68,0,2671
GCN 1.3 Baffin XT,1600,900,1212,1090,1,1,DX 12.0,1,1,0,1024KB,ATI,75,4096,112,128,1750,GDDR5,Radeon RX 460 PowerColor Red Dragon 4GB,0,4.5,350,23,19,,14nm,16,120.00,5120,2880,0,5,56,68,0,2671
Pascal P107,1600,900,1455,1354,1,1,DX 12.1,1,1,0,1024KB,Nvidia,75,2048,112.1,128,1752,GDDR5,GeForce GTX 1050 PNY 2GB,0,4.5,300,27,47,,14nm,32,120.00,7680,4320,0,5,40,58,0,2598
GCN 1.1 Tobago XT,1600,900,1150,1100,1,1,DX 12.0,0,1,0,512KB,AMD,120,2048,104,128,1625,GDDR5,Radeon R7 360X [0t released],0,4.4,500,33,18,1x 6-pin,28nm,16,129.00,2560,1600,1,5,56,64,0,2954
GCN 1.3 Baffin XT,1600,900,1220,1090,1,1,DX 12.0,1,1,0,1024KB,ATI,75,4096,112,128,1750,GDDR5,Radeon RX 460 HIS iCooler OC 4GB,0,4.5,350,23,20,,14nm,16,130.00,5120,2880,0,5,56,68,0,2671
Pascal P107,1600,900,1455,1354,1,1,DX 12.1,1,1,0,1024KB,Nvidia,75,2048,112.1,128,1752,GDDR5,GeForce GTX 1050 Zotac Mini 2GB,0,4.5,300,27,47,,14nm,32,130.00,7680,4320,0,5,40,58,0,2586
Pascal P107,1600,900,1518,1404,1,1,DX 12.1,1,1,0,1024KB,Nvidia,75,2048,112.1,128,1752,GDDR5,GeForce GTX 1050 MSI OC T 2GB,0,4.5,300,27,49,,14nm,32,130.00,7680,4320,0,5,40,61,0,2586
Pascal P107,1600,900,1493,1379,1,1,DX 12.1,1,1,0,1024KB,Nvidia,75,2048,112.1,128,1752,GDDR5,GeForce GTX 1050 MSI Gaming 2GB,0,4.5,300,27,48,,14nm,32,130.00,7680,4320,0,5,40,60,0,2586
Pascal P107,1600,900,1518,1404,1,1,DX 12.1,1,1,0,1024KB,Nvidia,75,2048,112.1,128,1752,GDDR5,GeForce GTX 1050 MSI OC 2GB,0,4.5,300,27,49,,14nm,32,130.00,7680,4320,0,5,40,61,0,2586
Pascal P107,1600,900,1556,1442,1,1,DX 12.1,1,1,0,1024KB,Nvidia,75,2048,112.1,128,1752,GDDR5,GeForce GTX 1050 MSI Gaming X 2GB,0,4.5,300,27,50,,14nm,32,130.00,7680,4320,0,5,40,62,0,2586
Pascal P107,1600,900,1455,1354,1,1,DX 12.1,1,1,0,1024KB,Nvidia,75,2048,112.1,128,1752,GDDR5,GeForce GTX 1050 MSI 2GB,0,4.5,300,27,47,,14nm,32,130.00,7680,4320,0,5,40,58,0,2586
GCN 1.3 Baffin XT,1600,900,1220,1090,1,1,DX 12.0,1,1,0,1024KB,ATI,75,4096,112,128,1750,GDDR5,Radeon RX 460 XFX 4GB Single Fan,0,4.5,350,23,20,1x 6-pin,14nm,16,135.00,7680,4320,0,5,48,59,0,2671
GCN 1.3 Baffin XT,1600,900,1210,1090,1,1,DX 12.0,1,1,0,1024KB,ATI,75,2048,112,128,1750,GDDR5,Radeon RX 460 Sapphire Nitro 2G D5,0,4.5,350,23,19,1x 6-pin,14nm,16,135.00,7680,4320,0,5,64,77,0,2671
GCN 1.3 Baffin XT,1600,900,1236,1090,1,1,DX 12.0,1,1,0,1024KB,ATI,75,4096,112,128,1750,GDDR5,Radeon RX 460 Asus ROG Strix Gaming OC 4GB,0,4.5,350,23,20,1x 6-pin,14nm,16,135.00,5120,2880,0,5,56,69,0,2671
GCN 1.3 Baffin XT,1600,900,1220,1090,1,1,DX 12.0,1,1,0,1024KB,ATI,75,2048,112,128,1750,GDDR5,Radeon RX 460 XFX 2GB Single Fan,0,4.5,350,23,20,1x 6-pin,14nm,16,140.00,7680,4320,0,5,48,59,0,2671
GCN 1.3 Baffin XT,1600,900,1220,1090,1,1,DX 12.0,1,1,0,1024KB,ATI,150,2048,112,128,1750,GDDR5,Radeon RX 460 XFX 2GB Twin Fan,0,4.5,400,23,20,1x 6-pin,14nm,16,140.00,4096,2160,0,5,64,78,0,2682
Pascal P107,1920,1080,1417,1303,1,1,DX 12.1,1,1,0,1024KB,Nvidia,75,4096,112.1,128,1752,GDDR5,GeForce GTX 1050 Ti Zotac Mini 4GB,0,4.5,300,27,45,,16nm,32,140.00,7680,4320,0,5,48,68,0,2600
Pascal P107,1920,1080,1430,1316,1,1,DX 12.1,1,1,0,1024KB,Nvidia,75,4096,112.1,128,1752,GDDR5,GeForce GTX 1050 Ti Gigabyte D5 4GB,0,4.5,300,27,46,,16nm,32,140.00,7680,4320,0,5,48,69,0,2600
Pascal P107,1920,1080,1455,1341,1,1,DX 12.1,1,1,0,1024KB,Nvidia,75,4096,112.1,128,1752,GDDR5,GeForce GTX 1050 Ti MSI OC 4GB,0,4.5,300,27,47,,16nm,32,140.00,7680,4320,0,5,48,70,0,2600
Pascal P107,1920,1080,1392,1290,1,1,DX 12.1,1,1,0,1024KB,Nvidia,75,4096,112.1,128,1752,GDDR5,GeForce GTX 1050 Ti EVGA Gaming 4GB,0,4.5,300,27,45,,16nm,32,145.00,7680,4320,0,5,48,67,0,
GCN 1.0 Trinidad PRO,1600,900,975,925,2,1,DX 12.0,1,1,0,1024KB,AMD,110,2048,179.2,256,1400,GDDR5,Radeon R7 370,0,4.4,500,33,31,1x 6-pin,28nm,32,149.00,4096,2160,1,5,64,62,0,3088
Pascal P107,1920,1080,1392,1290,1,1,DX 12.1,1,1,0,1024KB,Nvidia,75,4096,112.1,128,1752,GDDR5,GeForce GTX 1050 Ti 4GB,0,4.5,300,27,45,,16nm,32,149.00,7680,4320,0,5,48,67,0,2600
Maxwell GM107-400-A2,1600,900,1085,1020,2,1,DX 12.0,0,1,0,2048KB,Nvidia,60,2048,86.4,128,1350,GDDR5,GeForce GTX 750 Ti,0,4.5,300,18,17,,28nm,16,149.00,4096,2160,0,5,40,43,0,3573
GCN 1.3 Baffin XT,1600,900,1220,1090,1,1,DX 12.0,1,1,0,1024KB,ATI,75,4096,112,128,1750,GDDR5,Radeon RX 460 XFX 4GB Twin Fan,0,4.5,350,23,20,1x 6-pin,14nm,16,150.00,7680,4320,0,5,48,59,0,2671
GCN 1.3 Baffin XT,1600,900,1250,1090,1,1,DX 12.0,1,1,0,1024KB,ATI,150,4096,112,128,1750,GDDR5,Radeon RX 460 Sapphire Nitro 4G D5,0,4.5,450,23,20,1x 6-pin,14nm,16,150.00,7680,4320,0,5,64,80,0,2682
Pascal P107,1920,1080,1506,1392,1,1,DX 12.1,1,1,0,1024KB,Nvidia,75,4096,112.1,128,1752,GDDR5,GeForce GTX 1050 Ti Zotac OC Edition 4GB,0,4.5,300,27,48,,16nm,32,150.00,7680,4320,0,5,48,72,0,2600
Pascal P107,1920,1080,1455,1341,1,1,DX 12.1,1,1,0,1024KB,Nvidia,75,4096,112.1,128,1752,GDDR5,GeForce GTX 1050 Ti MSI OC T 4GB,0,4.5,300,27,47,,16nm,32,150.00,7680,4320,0,5,48,70,0,2600
Pascal P107,1920,1080,1430,1316,1,1,DX 12.1,1,1,0,1024KB,Nvidia,75,4096,112.1,128,1752,GDDR5,GeForce GTX 1050 Ti MSI Gaming 4GB,0,4.5,300,27,46,,16nm,32,150.00,7680,4320,0,5,48,69,0,2600
Pascal P107,1920,1080,1392,1290,1,1,DX 12.1,1,1,0,1024KB,Nvidia,75,4096,112.1,128,1752,GDDR5,GeForce GTX 1050 Ti PNY 4GB,0,4.5,300,27,45,,16nm,32,150.00,7680,4320,0,5,48,67,0,2598
Pascal P107,1920,1080,1392,1290,1,1,DX 12.1,1,1,0,1024KB,Nvidia,75,4096,112.1,128,1752,GDDR5,GeForce GTX 1050 Ti MSI 4GB,0,4.5,300,27,45,,16nm,32,150.00,7680,4320,0,5,48,67,0,2600
Pascal P107,1920,1080,1468,1354,1,1,DX 12.1,1,1,0,1024KB,Nvidia,75,4096,112.1,128,1752,GDDR5,GeForce GTX 1050 Ti EVGA SC Gaming 4GB,0,4.5,300,27,47,,16nm,32,150.00,7680,4320,0,5,48,70,0,
Pascal P107,1600,900,1455,1354,1,1,DX 12.1,1,1,0,1024KB,Nvidia,75,2048,112.1,128,1752,GDDR5,GeForce GTX 1050,0,4.5,300,27,47,,14nm,32,150.00,7680,4320,1,5,40,58,0,2586
Maxwell GM206-251-A1,1920,1080,1188,1024,1,1,DX 12.1,3,1,0,1024KB,Nvidia,75,2048,105.8,128,1653,GDDR5,GeForce GTX 950 LP 2GB,0,4.5,350,23,38,,28nm,32,159.00,5120,3200,1,5,48,57,0,2831
Maxwell GM206-250,1920,1080,1188,1024,2,1,DX 12.1,3,1,0,1024KB,Nvidia,90,2048,105.8,128,1653,GDDR5,GeForce GTX 950 2GB,0,4.5,350,23,38,1x 6-pin,28nm,32,159.00,5120,3200,1,5,48,57,0,3025
Pascal P107,1920,1080,1480,1366,1,1,DX 12.1,3,1,0,1024KB,Nvidia,75,4096,112.1,128,1752,GDDR5,GeForce GTX 1050 Ti PNY XLR8 Gaming Overclocked Edition 4GB,0,4.5,300,27,47,1x 6-pin,16nm,32,160.00,7680,4320,0,5,48,71,0,2598
Pascal P107,1600,900,1468,1354,1,1,DX 12.1,1,3,0,1024KB,Nvidia,75,4096,112.1,128,1752,GDDR5,GeForce GTX 1050 Ti Gigabyte Windforce OC 4GB,0,4.5,300,27,47,1x 6-pin,14nm,32,160.00,7680,4320,0,5,48,70,0,
Pascal P107,1920,1080,1480,1366,1,1,DX 12.1,1,1,0,1024KB,Nvidia,75,4096,112.1,128,1752,GDDR5,GeForce GTX 1050 Ti EVGA SSC Gaming ACX 3.0 4GB,0,4.5,300,27,47,,16nm,32,160.00,7680,4320,0,5,48,71,0,
Pascal P107,1920,1080,1493,1379,1,1,DX 12.1,1,1,0,1024KB,Nvidia,75,4096,112.1,128,1752,GDDR5,GeForce GTX 1050 Ti MSI Gaming X 4GB,0,4.5,300,27,48,,16nm,32,165.00,7680,4320,0,5,48,72,0,2600
Maxwell GM206-250,1920,1080,1279,1102,2,1,DX 12.1,3,1,0,1024KB,Nvidia,100,2048,105.8,128,1653,GDDR5,GeForce GTX 950 Gigabyte WindForce 2X OC 2GB Edition,0,4.5,350,23,41,1x 6-pin,28nm,32,169.00,5120,3200,1,5,48,61,0,3025
Maxwell GM206-250,1920,1080,1393,1190,2,1,DX 12.1,3,1,0,1024KB,Nvidia,125,2048,105.8,128,1653,GDDR5,GeForce GTX 950 EVGA SSC ACX 2.0 2GB Edition,0,4.5,350,23,45,1x 8-pin,28nm,32,169.00,5120,3200,1,5,48,67,0,3025
Maxwell GM206-250,1920,1080,1355,1140,2,1,DX 12.1,3,1,0,1024KB,Nvidia,150,2048,105.8,128,1653,GDDR5,GeForce GTX 950 Asus DirectCU II OC Strix Gaming 2GB Edition,0,4.5,350,23,43,1x 6-pin,28nm,32,169.00,5120,3200,1,5,48,65,0,3025
Pascal P107,1920,1080,1506,1392,1,1,DX 12.1,1,3,0,1024KB,Nvidia,75,4096,112.1,128,1752,GDDR5,GeForce GTX 1050 Ti Gigabyte G1 Gaming 4GB,0,4.5,300,27,48,1x 6-pin,16nm,32,170.00,7680,4320,0,5,48,72,0,2600
Maxwell GM206-250,1920,1080,1405,1203,2,1,DX 12.1,3,1,0,1024KB,Nvidia,120,2048,112.3,128,1755,GDDR5,GeForce GTX 950 Zotac AMP! 2GB Edition,0,4.5,350,23,45,1x 6-pin,28nm,32,174.00,5120,3200,1,5,48,67,0,3025
GCN 1.3 Ellesmere PRO,1920,1080,1226,926,1,1,DX 12.0,3,1,0,2048KB,ATI,120,4096,224,256,1750,GDDR5,Radeon RX 470 XFX RS Triple X 4GB,0,4.5,450,30,59,1x 6-pin,14nm,48,179.00,4096,2160,1,5,96,118,0,2675
GCN 1.3 Ellesmere PRO,1920,1080,1226,926,1,1,DX 12.0,3,1,0,2048KB,ATI,120,4096,211.2,256,1650,GDDR5,Radeon RX 470 XFX Single Fan Triple X 4GB,0,4.5,450,30,59,1x 6-pin,14nm,48,179.00,4096,2160,1,5,96,118,0,2675
GCN 1.3 Ellesmere PRO,1920,1080,1206,926,0,1,DX 12.0,3,1,0,2048KB,ATI,120,4096,211.2,256,1650,GDDR5,Radeon RX 470 4GB,0,4.5,450,30,39,1x 6-pin,14nm,32,179.00,4096,2160,1,5,128,154,0,2675
Maxwell GM206-250,1920,1080,1405,1203,2,1,DX 12.1,3,1,0,1024KB,Nvidia,120,2048,112,128,1750,GDDR5,GeForce GTX 950 Gigabyte XTREME Gaming 2GB Edition,0,4.5,350,23,45,1x 8-pin,28nm,32,179.00,5120,3200,1,5,48,67,0,3005
Maxwell GM206-250,1920,1080,1355,1165,2,1,DX 12.1,3,1,0,1024KB,Nvidia,110,2048,105.8,128,1653,GDDR5,GeForce GTX 950 EVGA Superclocked+ ACX 2.0 2GB Edition,0,4.5,350,23,43,1x 6-pin,28nm,32,179.00,5120,3200,1,5,48,65,0,3025
Maxwell GM206-250,1920,1080,1342,1152,2,1,DX 12.1,3,1,0,1024KB,Nvidia,110,2048,105.8,128,1653,GDDR5,GeForce GTX 950 EVGA Superclocked 2.0 2GB Edition,0,4.5,350,23,43,1x 6-pin,28nm,32,179.00,5120,3200,1,5,48,64,0,3025
Maxwell GM206-250,1920,1080,1405,1203,2,1,DX 12.1,3,1,0,1024KB,Nvidia,125,2048,105.8,128,1653,GDDR5,GeForce GTX 950 EVGA FTW ACX 2.0 2GB Edition,0,4.5,350,23,45,1x 8-pin,28nm,32,179.00,5120,3200,1,5,48,67,0,3025
GCN 1.0 Trinidad XT,1920,1080,1050,1000,2,1,DX 12.0,1,1,0,1024KB,AMD,180,2048,179.2,256,1400,GDDR5,Radeon R9 370X,0,4.4,500,33,34,2x 6-pin,28nm,32,199.00,4096,2160,1,5,80,84,0,3018
GCN 1.3 Ellesmere XT,1920,1080,1266,1120,0,1,DX 12.0,3,1,0,2048KB,ATI,120,4096,224,256,1750,GDDR5,Radeon RX 480 4GB,0,4.5,450,30,41,1x 6-pin,14nm,32,199.00,4096,2160,1,5,144,182,0,2739
GCN 1.3 Ellesmere PRO,1920,1080,1270,926,1,1,DX 12.0,3,1,0,2048KB,ATI,120,4096,224,256,1750,GDDR5,Radeon RX 470 PowerColor Red Devil 4GB,0,4.5,450,30,41,1x 8-pin,14nm,32,199.00,4096,2160,0,5,128,163,0,2675
GCN 1.3 Ellesmere PRO,1920,1080,1242,926,1,1,DX 12.0,2,2,0,2048KB,ATI,110,4096,211.2,256,1650,GDDR5,Radeon RX 470 MSI Gaming X 4GB,0,4.5,450,30,40,1x 8-pin,14nm,32,199.00,4096,2160,0,5,128,159,0,2675
GCN 1.3 Ellesmere PRO,1920,1080,1210,926,1,1,DX 12.0,3,1,0,2048KB,ATI,120,4096,211.2,256,1650,GDDR5,Radeon RX 470 PowerColour Red Dragon 4GB,0,4.5,450,30,39,1x 6-pin,14nm,32,199.00,4096,2160,0,5,128,155,0,2675
GCN 1.3 Ellesmere PRO,1920,1080,1218,926,1,1,DX 12.0,2,2,0,2048KB,ATI,110,4096,211.2,256,1650,GDDR5,Radeon RX 470 MSI Gaming 4GB,0,4.5,450,30,39,1x 8-pin,14nm,32,199.00,4096,2160,0,5,128,156,0,2675
GCN 1.3 Ellesmere PRO,1920,1080,1242,926,1,1,DX 12.0,2,2,0,2048KB,ATI,110,8192,211.2,256,1650,GDDR5,Radeon RX 470 MSI Gaming X 8GB,0,4.5,450,30,40,1x 8-pin,14nm,32,199.00,4096,2160,0,5,128,159,0,2675
GCN 1.3 Ellesmere PRO,1920,1080,1256,926,1,1,DX 12.0,3,1,0,2048KB,ATI,120,4096,211.2,256,1650,GDDR5,Radeon RX 470 HIS IceQ X2 Turbo 4GB,0,4.5,500,30,40,1x 6-pin,14nm,32,199.00,4096,2160,0,5,128,161,0,2675
GCN 1.3 Ellesmere PRO,1920,1080,1256,926,1,1,DX 12.0,3,1,0,2048KB,ATI,120,4096,211.2,256,1650,GDDR5,Radeon RX 470 HIS IceQ X2 OC 4GB,0,4.5,450,30,40,1x 8-pin,14nm,32,199.00,4096,2160,1,5,128,161,0,2675
GCN 1.3 Ellesmere PRO,1920,1080,1270,926,2,1,DX 12.0,1,1,0,2048KB,ATI,120,4096,211.2,256,1650,GDDR5,Radeon RX 470 Asus ROG Strix Gaming OC 4GB,0,4.5,450,30,41,1x 6-pin,14nm,32,199.00,4096,2160,0,5,128,163,0,2675
GCN 1.3 Ellesmere PRO,1920,1080,1230,926,0,1,DX 12.0,3,1,0,2048KB,ATI,120,4096,211.2,256,1650,GDDR5,Radeon RX 470 GIGABYTE G1 4GB,0,4.5,450,30,39,1x 6-pin,14nm,32,199.00,4096,2160,0,5,128,157,0,2675
Maxwell GM206-300-A1,1920,1080,1178,1127,1,1,DX 12.1,3,1,0,1024KB,Nvidia,120,2048,112.2,128,1753,GDDR5,GeForce GTX 960 2GB,0,4.5,400,27,38,1x 6-pin,28nm,32,199.00,5120,3200,1,5,64,75,0,3235
GCN 1.3 Ellesmere XT,1920,1080,1279,1120,1,1,DX 12.0,2,2,0,2048KB,ATI,150,4096,224,256,1750,GDDR5,Radeon RX 480 MSI GAMING 4G,0,4.5,450,30,41,1x 8-pin,14nm,32,200.00,4096,2160,0,5,144,184,0,2711
GCN 1.3 Ellesmere XT,1920,1080,1266,1120,0,1,DX 12.0,3,1,0,2048KB,ATI,120,4096,224,256,1750,GDDR5,Radeon RX 480 MSI 4GB,0,4.5,450,30,81,1x 6-pin,14nm,64,200.00,4096,2160,0,5,144,182,0,2739
GCN 1.3 Ellesmere XT,1920,1080,1266,1120,0,1,DX 12.0,3,1,0,2048KB,ATI,150,4096,224,256,1750,GDDR5,Radeon RX 480 GIGABYTE G1 Gaming 4GB,0,4.5,450,30,41,1x 8-pin,14nm,32,200.00,4096,2160,0,5,144,182,0,2711
GCN 1.3 Ellesmere PRO,1920,1080,1256,926,1,1,DX 12.0,3,1,0,2048KB,ATI,120,4096,224,256,1750,GDDR5,Radeon RX 470 XFX RS Black Edition 4GB,0,4.5,450,30,60,1x 6-pin,14nm,48,200.00,4096,2160,1,5,96,121,0,2675
GCN 1.3 Ellesmere PRO,1920,1080,1206,926,2,1,DX 12.0,1,1,0,2048KB,ATI,120,4096,211.2,256,1650,GDDR5,Radeon RX 470 ASUS ROG Strix Gaming 4GB,0,4.5,450,30,39,1x 6-pin,14nm,32,200.00,4096,2160,0,5,128,154,0,2675
GCN 1.3 Ellesmere XT,1920,1080,1266,1120,1,1,DX 12.0,3,1,0,2048KB,ATI,120,4096,224,256,1750,GDDR5,Radeon RX 480 PowerColor Red Dragon 4GB,0,4.5,450,30,41,1x 8-pin,14nm,32,210.00,4096,2160,0,5,144,182,0,2739
GCN 1.3 Ellesmere XT,1920,1080,1266,1120,0,1,DX 12.0,3,1,0,2048KB,ATI,120,4096,224,256,1750,GDDR5,Radeon RX 480 Gigabyte G1 Gaming 4GB,0,4.5,450,30,41,1x 8-pin,14nm,32,210.00,4096,2160,0,5,144,182,0,2739
GCN 1.3 Ellesmere PRO,1920,1080,1280,926,1,1,DX 12.0,3,1,0,2048KB,ATI,120,4096,224,256,1750,GDDR5,Radeon RX 470 XFX RS Black Limited Edition 4GB,0,4.5,450,30,41,1x 6-pin,14nm,32,210.00,4096,2160,0,5,128,164,0,2675
Maxwell GM206-300-A1,1920,1080,1317,1253,1,1,DX 12.1,0,1,0,1024KB,Nvidia,120,2048,112.2,128,1753,GDDR5,GeForce GTX 960 Asus Turbo OC 2GB Edition,0,4.5,400,29,42,1x 6-pin,28nm,32,219.99,5120,3200,1,5,64,84,0,3132
GCN 1.3 Ellesmere XT,1920,1080,1291,1120,1,1,DX 12.0,2,2,0,2048KB,ATI,120,4096,224,256,1750,GDDR5,Radeon RX 480 MSI Armor OC 4GB,0,4.5,450,30,41,1x 8-pin,14nm,32,220.00,4096,2160,0,5,144,186,0,
GCN 1.3 Ellesmere XT,2560,1440,1266,1120,0,1,DX 12.0,3,1,0,2048KB,ATI,150,8192,256,256,2000,GDDR5,Radeon RX 480 MSI 8GB,0,4.5,500,33,41,1x 6-pin,14nm,32,220.00,7680,4320,0,5,144,182,0,2711
GCN 1.3 Ellesmere XT,1920,1080,1266,1120,1,1,DX 12.0,2,2,0,2048KB,ATI,120,4096,224,256,1750,GDDR5,Radeon RX 480 MSI Armor 4GB,0,4.5,450,30,41,1x 8-pin,14nm,32,220.00,4096,2160,0,5,144,182,0,
GCN 1.3 Ellesmere XT,1920,1080,1266,1120,0,1,DX 12.0,3,1,0,2048KB,ATI,150,4096,224,256,1750,GDDR5,Radeon RX 480 Gigabyte Windforce 4GB,0,4.5,500,33,41,1x 8-pin,14nm,32,220.00,4096,2160,0,5,144,182,0,2711
GCN 1.3 Ellesmere PRO,1920,1080,1216,926,0,1,DX 12.0,3,1,0,2048KB,ATI,120,4096,224,256,1750,GDDR5,Radeon RX 470 Sapphire Platinum Edition 4GB,0,4.5,450,30,39,1x 6-pin,14nm,32,220.00,4096,2160,0,5,128,156,0,2675
GCN 1.3 Ellesmere PRO,1920,1080,1260,1143,1,1,DX 12.0,2,2,0,2048KB,ATI,120,4096,224,256,1750,GDDR5,Radeon RX 470 Sapphire Nitro+ 4GB,0,4.5,450,30,40,1x 8-pin,14nm,32,220.00,4096,2160,0,5,128,161,0,2675
GCN 1.3 Ellesmere XT,2560,1440,1266,1120,0,1,DX 12.0,3,1,0,2048KB,ATI,150,8192,256,256,2000,GDDR5,Radeon RX 480 8GB,0,4.5,500,33,41,1x 6-pin,14nm,32,229.00,4096,2160,1,5,144,182,0,2711
Kepler GK106-400-A1,1920,1080,1033,980,2,1,DX 12.0,0,1,0,384KB,Nvidia,140,2048,144.2,192,1502,GDDR5,GeForce GTX 660,0,4.5,450,33,25,1x 6-pin,28nm,24,229.00,4096,2160,1,5,80,83,0,4096
GCN 1.3 Ellesmere XT,1920,1080,1266,1120,0,1,DX 12.0,3,1,0,2048KB,ATI,150,4096,224,256,1750,GDDR5,Radeon RX 480 PowerColor 4GB,0,4.5,450,30,41,1x 6-pin,14nm,32,230.00,4096,2160,0,5,144,182,0,2711
GCN 1.3 Ellesmere XT,1920,1080,1306,1208,1,1,DX 12.0,2,2,0,2048KB,ATI,150,4096,224,256,1750,GDDR5,Radeon RX 480 Sapphire NITRO+ 4GB,0,4.5,450,30,42,1x 8-pin,14nm,32,235.00,4096,2160,0,5,144,188,0,2711
Maxwell GM206-300-A1,1920,1080,1253,1190,1,1,DX 12.1,3,1,0,1024KB,Nvidia,120,4096,112.2,128,1753,GDDR5,GeForce GTX 960 Gigabyte OC 4GB Edition,0,4.5,400,29,40,1x 6-pin,28nm,32,239.00,5120,3200,1,5,64,80,0,3077
GCN 1.3 Ellesmere XT,1920,1080,1266,1120,1,1,DX 12.0,3,1,0,2048KB,ATI,150,4096,224,256,1750,GDDR5,Radeon RX 480 XFX RS Hard Swap 4GB,0,4.5,450,30,41,1x 8-pin,14nm,32,240.00,4096,2160,0,5,144,182,0,2711
GCN 1.3 Ellesmere XT,1920,1080,1266,1120,0,1,DX 12.0,3,1,0,2048KB,ATI,150,4096,224,256,1750,GDDR5,Radeon RX 480 XFX 4GB,0,4.5,450,30,41,1x 6-pin,14nm,32,240.00,4096,2160,0,5,144,182,0,2711
GCN 1.3 Ellesmere XT,1920,1080,1266,1120,0,1,DX 12.0,3,1,0,2048KB,ATI,150,4096,224,256,1750,GDDR5,Radeon RX 480 Sapphire 4GB,0,4.5,450,30,41,1x 6-pin,14nm,32,240.00,4096,2160,0,5,144,182,0,2711
GCN 1.3 Ellesmere XT,2560,1440,1266,1120,0,1,DX 12.0,3,1,0,2048KB,ATI,150,8192,256,256,2000,GDDR5,Radeon RX 480 PowerColour 8GB,0,4.5,500,33,41,1x 6-pin,14nm,32,240.00,7680,4320,0,5,144,182,0,2711
GCN 1.3 Ellesmere XT,1920,1080,1303,1120,1,1,DX 12.0,2,2,0,2048KB,ATI,150,4096,224,256,1750,GDDR5,Radeon RX 480 MSI GAMING X 4G,0,4.5,450,30,42,1x 8-pin,14nm,32,240.00,4096,2160,0,5,144,188,0,2711
GCN 1.3 Ellesmere XT,2560,1440,1288,1120,1,1,DX 12.0,3,1,0,2048KB,ATI,150,8192,256,256,2000,GDDR5,Radeon RX 480 HIS IceQ X² Roaring OC GB,0,4.5,500,33,41,1x 8-pin,14nm,32,240.00,5120,2880,0,5,144,185,0,2711
GCN 1.3 Ellesmere XT,2560,1440,1290,1120,1,1,DX 12.0,3,1,0,2048KB,ATI,150,8192,256,256,2000,GDDR5,Radeon RX 480 Gigabyte G1 Gaming 8GB,0,4.5,500,33,41,1x 8-pin,14nm,32,240.00,7680,4320,0,5,144,186,0,2711
GCN 1.3 Ellesmere XT,2560,1440,1266,1120,0,1,DX 12.0,3,1,0,2048KB,ATI,150,8192,256,256,2000,GDDR5,Radeon RX 480 Gigabyte 8GB,0,4.5,500,33,41,1x 6-pin,14nm,32,240.00,7680,4320,0,5,144,182,0,2711
GCN 1.3 Ellesmere XT,2560,1440,1266,1120,0,1,DX 12.0,2,2,0,2048KB,ATI,150,8192,256,256,2000,GDDR5,Radeon RX 480 Asus ROG Strix Gaming 8GB,0,4.5,500,33,41,1x 8-pin,14nm,32,240.00,7680,4320,0,5,144,182,0,2711
GCN 1.3 Ellesmere XT,2560,1440,1330,1120,1,1,DX 12.0,2,2,0,2048KB,ATI,150,8192,256,256,2000,GDDR5,Radeon RX 480 Asus ROG Strix OC 8GB,0,4.5,500,33,43,1x 8-pin,14nm,32,240.00,7680,4320,0,5,144,192,0,2711
GCN 1.3 Ellesmere XT,2560,1440,1288,1120,0,1,DX 12.0,3,1,0,2048KB,ATI,150,8192,256,256,2000,GDDR5,Radeon RX 480 XFX Triple X OC 8GB,0,4.5,500,33,41,1x 8-pin,14nm,32,245.00,4096,2160,0,5,144,185,0,2711
GCN 1.3 Ellesmere XT,2560,1440,1291,1120,1,1,DX 12.0,2,2,0,2048KB,ATI,150,8192,256,256,2000,GDDR5,Radeon RX 480 MSI Armor OC 8GB,0,4.5,500,33,41,1x 8-pin,14nm,32,245.00,4096,2160,0,5,144,186,0,
GCN 1.3 Ellesmere XT,2560,1440,1266,1120,1,1,DX 12.0,2,2,0,2048KB,ATI,150,8192,256,256,2000,GDDR5,Radeon RX 480 Armor 8GB,0,4.5,500,33,41,1x 8-pin,14nm,32,245.00,7680,4320,0,5,144,182,0,
Pascal P106-400-A1,2560,1440,1759,1544,1,1,DX 12.1,2,1,0,2048KB,Nvidia,120,6144,194.6,192,2027,GDDR5,GeForce GTX 1060 MSI 6GT OC,0,4.5,400,27,84,1x 6-pin,16nm,48,249.00,7680,4320,0,5,80,141,0,2691
Pascal P106-400-A1,2560,1440,1709,1506,1,1,DX 12.1,3,1,0,2048KB,Nvidia,120,6144,192.2,192,2002,GDDR5,GeForce GTX 1060,0,4.5,400,27,82,1x 6-pin,16nm,48,249.00,7680,4320,0,5,80,137,0,2691
Pascal P106-400-A1,1920,1080,1733,1518,1,1,DX 12.1,1,1,0,2048KB,Nvidia,120,3072,192.2,192,2002,GDDR5,GeForce GTX 1060 Galax OC 3GB,0,4.5,400,27,83,1x 6-pin,16nm,48,249.99,7680,4320,0,5,72,125,0,2661
Pascal P106-400-A1,2560,1440,1709,1506,1,1,DX 12.1,3,1,0,2048KB,Nvidia,120,6144,192.2,192,2002,GDDR5,GeForce GTX 1060 EVGA ACX 2.0 6GB,0,4.5,400,27,82,1x 6-pin,16nm,48,249.99,7680,4320,0,5,80,137,0,2691
GCN 1.3 Ellesmere XT,2560,1440,1288,1120,1,1,DX 12.0,3,1,0,2048KB,ATI,150,8192,256,256,2000,GDDR5,Radeon RX 480 XFX RS Hard Swap Triple X 8GB,0,4.5,500,33,41,1x 8-pin,14nm,32,250.00,4096,2160,0,5,144,185,0,2681
GCN 1.3 Ellesmere XT,2560,1440,1266,1120,1,1,DX 12.0,3,1,0,2048KB,ATI,150,8192,256,256,2000,GDDR5,Radeon RX 480 PowerColor Red Dragon 8GB,0,4.5,500,33,41,1x 8-pin,14nm,32,250.00,7680,4320,0,5,144,182,0,2681
GCN 1.3 Ellesmere XT,2560,1440,1279,1120,1,1,DX 12.0,2,2,0,2048KB,ATI,150,8192,256,256,2000,GDDR5,Radeon RX 480 MSI Gaming 8GB,0,4.5,500,33,41,1x 8-pin,14nm,32,250.00,4096,2160,0,5,144,184,0,2664
GCN 1.3 Ellesmere XT,2560,1440,1338,1120,1,1,DX 12.0,3,1,0,2048KB,ATI,150,8192,256,256,2000,GDDR5,Radeon RX 480 HIS IceQ X² Roaring Turbo GB,0,4.5,500,33,43,1x 8-pin,14nm,32,250.00,5120,2160,0,5,144,193,0,2711
GCN 1.3 Ellesmere PRO,1920,1080,1260,1121,1,1,DX 12.0,2,2,0,2048KB,ATI,120,8192,256,256,2000,GDDR5,Radeon RX 470 Sapphire Nitro+ 8GB,0,4.5,450,30,40,1x 8-pin,14nm,32,250.00,4096,2160,0,5,128,161,0,2675
GCN 1.3 Ellesmere XT,2560,1440,1328,1120,0,1,DX 12.0,3,1,0,2048KB,ATI,150,8192,256,256,2000,GDDR5,Radeon RX 480 XFX Black Edition 8GB,0,4.5,500,33,42,1x 6-pin,14nm,32,255.00,4096,2160,0,5,144,191,0,2711
Pascal P106-400-A1,2560,1440,1709,1506,1,1,DX 12.1,2,2,0,2048KB,Nvidia,120,6144,192.2,192,2002,GDDR5,GeForce GTX 1060 Asus Turbo 6GB,0,4.5,400,27,82,1x 6-pin,16nm,48,259.99,7680,4320,0,5,80,137,0,2691
GCN 1.3 Ellesmere XT,2560,1440,1338,1120,1,1,DX 12.0,3,1,0,2048KB,ATI,150,8192,256,256,2000,GDDR5,Radeon RX 480 XFX GTR Hard Swap Black Edition 8GB,0,4.5,500,33,43,1x 8-pin,14nm,32,260.00,4096,2160,0,5,144,193,0,2681
GCN 1.3 Ellesmere XT,2560,1440,1342,1208,1,1,DX 12.0,2,2,0,2048KB,ATI,150,8192,256,256,2000,GDDR5,Radeon RX 480 Sapphire Nitro+ 8GB,0,4.5,500,33,43,1x 8-pin,14nm,32,260.00,3840,2160,0,5,144,193,0,2681
GCN 1.3 Ellesmere XT,2560,1440,1303,1120,1,1,DX 12.0,2,2,0,2048KB,ATI,150,8192,256,256,2000,GDDR5,Radeon RX 480 MSI Gaming X 8GB,0,4.5,500,33,42,1x 8-pin,14nm,32,265.00,4096,2160,0,5,144,188,0,2664
GCN 1.0 Tahiti LE,1920,1080,975,925,1,1,DX 12.0,0,1,0,512KB,AMD,185,2048,192,256,1500,GDDR5,Radeon HD 7870 XT PowerColor Myst. Edition,0,4.4,500,33,31,2x 6-pin,28nm,32,269.00,4096,2160,1,5,96,94,0,4026
Kepler GK104-225-A2,1920,1080,1098,1033,1,1,DX 12.0,2,1,0,512KB,Nvidia,170,2048,192.3,256,1502,GDDR5,GeForce GTX 760 MSI Gaming ITX 2GB Edition,0,4.5,500,33,35,1x 8-pin,28nm,32,269.00,4096,2160,1,5,96,105,0,3663
GCN 1.3 Ellesmere XT,2560,1440,1330,1120,1,1,DX 12.0,2,2,0,2048KB,ATI,150,8192,256,256,2000,GDDR5,Radeon RX 480 PowerColor Red Devil 8GB,0,4.5,500,33,43,1x 8-pin,14nm,32,270.00,4096,2160,0,5,144,192,0,2681
GCN 1.0 Tahiti PRO2,1920,1080,933,827,2,1,DX 12.0,0,1,0,768KB,AMD,200,3072,240,384,1250,GDDR5,Radeon R9 280,0,4.4,500,,30,2x 6-pin,28nm,32,279.00,4096,2160,1,5,112,104,0,3559
Pascal P106-400-A1,2560,1440,1759,1544,1,1,DX 12.1,2,1,0,2048KB,Nvidia,120,6144,194.6,192,2027,GDDR5,GeForce GTX 1060 MSI Armor 6G OC,0,4.5,400,27,84,1x 8-pin,16nm,48,279.00,7680,4320,0,5,80,141,0,2691
Pascal P106-400-A1,2560,1440,1784,1569,1,1,DX 12.1,3,1,0,2048KB,Nvidia,120,6144,192.2,192,2002,GDDR5,GeForce GTX 1060 MSI Gaming X 6G Edition,0,4.5,400,27,86,1x 8-pin,16nm,48,289.00,7680,4320,0,5,80,143,0,2691
Pascal P106-400-A1,2560,1440,1733,1518,1,1,DX 12.1,3,1,0,2048KB,Nvidia,120,6144,192.2,192,2002,GDDR5,GeForce GTX 1060 MSI Gaming 6GB,0,4.5,400,27,83,1x 8-pin,16nm,48,289.99,7680,4320,0,5,80,139,0,2691
Pascal P106-400-A1,2560,1440,1809,1594,1,1,DX 12.1,3,1,0,2048KB,Nvidia,120,6144,192.2,192,2002,GDDR5,GeForce GTX 1060 Gigabyte GTX G1 Gaming 6GB,0,4.5,400,27,87,1x 8-pin,16nm,48,289.99,7680,4320,0,5,80,145,0,2691
Pascal P106-400-A1,2560,1440,1746,1531,2,1,DX 12.1,1,1,0,2048KB,Nvidia,120,6144,192.2,192,2002,GDDR5,GeForce GTX 1060 Gigabyte Mini ITX OC 6GB,0,4.5,400,27,84,1x 6-pin,16nm,48,292.00,7680,4320,0,5,80,140,0,2691
GCN 1.0 Tahiti XTL,1920,1080,1000,850,2,1,DX 12.0,0,1,0,768KB,AMD,250,3072,288,384,1500,GDDR5,Radeon R9 280X,0,4.4,750,42,32,1x 6-pin + 1x 8-pin,28nm,32,299.00,4096,2160,1,5,128,128,0,3706
Kepler GK104-300-KD-A2,1920,1080,1110,1032,2,1,DX 12.0,1,1,0,384KB,Nvidia,150,2048,144.2,192,1502,GDDR5,GeForce GTX 660 Ti WindForce 2X OC Edition,0,4.5,450,33,27,2x 6-pin,28nm,24,299.00,4096,2160,1,5,112,124,0,4124
Kepler GK104-300-KD-A2,1920,1080,980,915,2,1,DX 12.0,1,1,0,384KB,Nvidia,150,2048,144.2,192,1502,GDDR5,GeForce GTX 660 Ti,0,4.5,450,33,24,2x 6-pin,28nm,24,299.00,4096,2160,1,5,112,110,0,4124
Pascal P106-400-A1,2560,1440,1709,1506,1,1,DX 12.1,3,1,0,2048KB,Nvidia,120,6144,192.2,192,2002,GDDR5,GeForce GTX 1060 In03D Compact 6GB,0,4.5,400,27,82,1x 6-pin,16nm,48,299.99,7680,4320,0,5,80,137,0,2691
Pascal P106-400-A1,2560,1440,1709,1506,1,1,DX 12.1,3,1,0,2048KB,Nvidia,120,6144,192.2,192,2002,GDDR5,GeForce GTX 1060 Palit Jetstream 6GB,0,4.5,400,27,82,1x 6-pin,16nm,48,300.00,7680,4320,0,5,80,137,0,2691
Pascal P106-400-A1,1920,1080,1771,1556,2,1,DX 12.1,1,1,0,2048KB,Nvidia,120,6144,192.2,192,2002,GDDR5,GeForce GTX 1060 Gigabyte Windforce 2X OC 6GB,0,4.5,400,27,85,1x 6-pin,16nm,48,300.64,7680,4320,0,5,80,142,0,2691
Pascal P106-400-A1,2560,1440,1708,1506,1,1,DX 12.1,3,1,0,2048KB,Nvidia,120,6144,192.2,192,2002,GDDR5,GeForce GTX 1060 Zotac Mini 6GB,0,4.5,400,27,82,1x 6-pin,16nm,48,318.00,7680,4320,0,5,80,137,0,2691
Maxwell GM206-250 (x2),1920,1080,1188,1024,2,1,DX 12.1,3,1,0,1024KB(x2),Nvidia,180,4096,211.6,128,1653,GDDR5,GeForce GTX 950 2GB SLI,0,4.5,450,30,76,2x 6-pin,28nm,32 (x2),318.00,4096,2160,1,5,48,114,0,3025
Pascal P106-400-A1,2560,1440,1847,1620,1,1,DX 12.1,3,1,0,2048KB,Nvidia,120,6144,192.2,192,2002,GDDR5,GeForce GTX 1060 Gigabyte Xtreme Gaming 6GB,0,4.5,400,27,89,1x 8-pin,16nm,48,319.49,7680,4320,0,5,80,148,0,2691
Pascal P106-400-A1,2560,1440,1847,1620,1,1,DX 12.1,3,1,0,2048KB,Nvidia,120,6144,192.2,192,2002,GDDR5,GeForce GTX 1060 Palit Super Jetstream 6GB,0,4.5,400,27,89,1x 6-pin,16nm,48,320.00,7680,4320,0,5,80,148,0,2691
Maxwell GM204-200-A1,2560,1440,1216,1076,1,1,DX 12.1,3,1,0,1792KB,Nvidia,148,4096,224.4,256,1753,GDDR5,GeForce GTX 970 MSI OC 4GB Edition,0,4.5,500,33,68,2x 6-pin,28nm,56,329.00,5120,3200,1,5,104,126,0,3360
Maxwell GM204-200-A1,2560,1440,1228,1088,2,1,DX 12.1,1,1,0,1792KB,Nvidia,148,4096,224.4,256,1753,GDDR5,GeForce GTX 970 Asus Turbo OC 4GB Edition,0,4.5,500,33,69,2x 6-pin,28nm,56,329.00,5120,3200,1,5,104,128,0,3132
Maxwell GM204-200-A1,2560,1440,1178,1050,2,1,DX 12.1,3,1,0,1792KB,Nvidia,145,4096,224.4,256,1753,GDDR5,GeForce GTX 970 4GB,0,4.5,500,30,66,2x 6-pin,28nm,56,329.99,5120,3200,1,5,104,123,0,3360
Pascal P106-400-A1,2560,1440,1771,1556,2,1,DX 12.1,1,1,0,2048KB,Nvidia,120,6144,192.2,192,2002,GDDR5,GeForce GTX 1060 KFA2 EX OC White 6GB,0,4.5,400,27,85,1x 6-pin,16nm,48,330.00,7680,4320,0,5,80,142,0,2691
Pascal P106-400-A1,2560,1440,1771,1556,1,1,DX 12.1,3,1,0,2048KB,Nvidia,120,6144,192.2,192,2002,GDDR5,GeForce GTX 1060 Zotac AMP 6GB Edition,0,4.5,400,27,85,1x 6-pin,16nm,48,339.00,7680,4320,0,5,80,142,0,2691
Kepler GK104-300-KD-A2,1920,1080,1198,1106,2,1,DX 12.0,1,1,0,384KB,Nvidia,150,2048,163.4,192,1702,GDDR5,GeForce GTX 660 Ti Colorful iGame ARES X 2GB Edition,0,4.5,450,33,29,2x 6-pin,28nm,24,349.00,4096,2160,1,5,112,134,0,4124
Pascal P106-400-A1,2560,1440,1784,1569,1,1,DX 12.1,3,1,0,2048KB,Nvidia,130,6144,192.2,192,2002,GDDR5,GeForce GTX 1060 In03D Gaming OC 6GB,0,4.5,400,27,86,1x 8-pin,16nm,48,349.99,7680,4320,0,5,80,143,0,2691
Pascal P106-400-A1,2560,1440,1784,1569,1,1,DX 12.1,3,1,0,2048KB,Nvidia,120,6144,197,192,2052,GDDR5,GeForce GTX 1060 In03D iChill X3,0,4.5,400,27,86,1x 8-pin,16nm,48,370.00,7680,4320,0,5,80,143,0,2691
Pascal P104-200-A1,2560,1600,1683,1506,1,1,DX 12.1,3,1,0,1024KB(x2),Nvidia,150,8192,256.3,128,2002,GDDR5,GeForce GTX 1070 SLI,0,4.5,500,33,108,1x 8-pin,16nm,32 (x2),379.00,7680,4320,1,5,60,202,0,2730
Pascal P104-200-A1,2560,1600,1683,1506,1,1,DX 12.1,3,1,0,1024KB(x2),Nvidia,150,8192,256.3,128,2002,GDDR5,GeForce GTX 1070 Asus Founders SLI,0,4.5,500,33,108,1x 8-pin,16nm,32 (x2),379.00,7680,4320,1,5,60,202,0,2730
Pascal P104-200-A1,2560,1600,1683,1506,1,1,DX 12.1,3,1,0,2048KB,Nvidia,150,8192,256.3,256,2002,GDDR5,GeForce GTX 1070 Asus Founders,0,4.5,500,33,108,1x 8-pin,16nm,64,379.00,7680,4320,1,5,120,202,0,2730
Pascal P104-200-A1,2560,1600,1683,1506,1,1,DX 12.1,3,1,0,2048KB,Nvidia,150,8192,256.3,256,2002,GDDR5,GeForce GTX 1070,0,4.5,500,33,108,1x 8-pin,16nm,64,379.00,7680,4320,1,5,120,202,0,2730
Maxwell GM206-300-A1 (x2),2560,1440,1178,1127,2,1,DX 12.1,0,1,0,1024KB(x2),Nvidia,240,4096,224.4,128,1753,GDDR5,GeForce GTX 960 2GB SLI,0,4.5,550,40,75,2x 6-pin,28nm,32 (x2),398.00,4096,2160,1,5,64,151,0,3235
Kepler GK104-425-A2,1920,1080,1085,1046,2,1,DX 12.0,0,1,0,512KB,Nvidia,230,2048,224.3,256,1752,GDDR5,GeForce GTX 770,0,4.5,550,37,35,1x 6-pin + 1x 8-pin,28nm,32,399.00,4096,2160,1,5,128,139,0,3837
Pascal P104-200-A1,2560,1600,1771,1582,1,1,DX 12.1,3,1,0,2048KB,Nvidia,150,8192,256.3,256,2002,GDDR5,GeForce GTX 1070 Gigabyte Windforce OC,0,4.5,500,33,113,1x 8-pin,16nm,64,400.00,7680,4320,0,5,120,213,0,2730
Pascal P104-200-A1,2560,1600,1683,1506,1,1,DX 12.1,3,1,0,2048KB,Nvidia,150,8192,256.3,256,2002,GDDR5,GeForce GTX 1070 EVGA ACX 3.0 8GB Edition,0,4.5,500,33,108,1x 8-pin,16nm,64,419.00,7680,4320,1,5,120,202,0,2730
Pascal P104-200-A1,2560,1600,1771,1582,1,1,DX 12.1,2,2,0,2048KB,Nvidia,150,8192,256.3,256,2002,GDDR5,GeForce GTX 1070 Asus Dual,0,4.5,500,33,113,1x 8-pin,16nm,64,430.00,7680,4320,0,5,120,213,0,2697
Pascal P104-200-A1,2560,1600,1683,1506,1,1,DX 12.1,3,1,0,2048KB,Nvidia,150,8192,256.3,256,2002,GDDR5,GeForce GTX 1070 Gainward,0,4.5,500,33,108,1x 8-pin,16nm,64,438.00,7680,4320,0,5,120,202,0,2730
Pascal P104-200-A1,2560,1600,1721,1531,1,1,DX 12.1,2,2,0,2048KB,Nvidia,150,8192,256.3,256,2002,GDDR5,GeForce GTX 1070 Asus Turbo,0,4.5,500,33,110,1x 8-pin,16nm,64,438.00,7680,4320,0,5,120,207,0,2730
Pascal P104-200-A1,2560,1600,1784,1594,1,1,DX 12.1,3,1,0,2048KB,Nvidia,180,8192,256.3,256,2002,GDDR5,GeForce GTX 1070 EVGA SC GAMING ACX 3.0 8GB Edition,0,4.5,500,33,114,1x 8-pin,16nm,64,439.00,7680,4320,1,5,120,214,0,2730
GCN 1.0 Tahiti PRO2,1920,1080,925,850,1,1,DX 12.0,0,1,0,768KB,AMD,200,3072,240,384,1250,GDDR5,Radeon HD 7950 Boost Edition,0,4.4,500,33,30,2x 6-pin,28nm,32,449.00,4096,2160,1,5,112,104,0,4149
Pascal P104-200-A1,2560,1600,1683,1506,1,1,DX 12.1,3,1,0,2048KB,Nvidia,150,8192,256.3,256,2002,GDDR5,GeForce GTX 1070 Gigabyte Founders 8GB Edition,0,4.5,500,33,108,1x 8-pin,16nm,64,449.00,7680,4320,1,5,120,202,0,2730
Pascal P104-200-A1,2560,1600,1683,1506,1,1,DX 12.1,3,1,0,2048KB,Nvidia,150,8192,256.3,256,2002,GDDR5,GeForce GTX 1070 EVGA Founders 8GB Edition,0,4.5,500,33,108,1x 8-pin,16nm,64,449.00,7680,4320,1,5,120,202,0,2730
Pascal P104-200-A1,2560,1600,1683,1506,1,1,DX 12.1,3,1,0,2048KB,Nvidia,150,8192,256.3,256,2002,GDDR5,GeForce GTX 1070 MSI Founders 8GB Edition,0,4.5,500,33,108,1x 8-pin,16nm,64,449.00,7680,4320,1,5,120,202,0,2730
Pascal P104-200-A1,2560,1600,1797,1607,1,1,DX 12.1,3,1,0,2048KB,Nvidia,220,8192,256.3,256,2002,GDDR5,GeForce GTX 1070 Zotac AMP!,0,4.5,500,33,115,2x 8-pin,16nm,64,450.00,7680,4320,0,5,120,216,0,2730
Pascal P104-200-A1,2560,1600,1835,1632,1,1,DX 12.1,3,1,0,2048KB,Nvidia,150,8192,262.7,256,2052,GDDR5,GeForce GTX 1070 Zotac AMP! Xtreme,0,4.5,500,33,117,1x 8-pin,16nm,64,450.00,7680,4320,0,5,120,220,0,2730
Pascal P104-200-A1,2560,1600,1797,1607,1,1,DX 12.1,3,1,0,2048KB,Nvidia,150,8192,259.5,256,2027,GDDR5,GeForce GTX 1070 MSI Gaming X 8GB Edition,0,4.5,500,33,115,1x 6-pin + 1x 8-pin,16nm,64,450.00,7680,4320,1,5,120,216,0,2730
Pascal P104-200-A1,2560,1600,1759,1569,1,1,DX 12.1,3,1,0,2048KB,Nvidia,150,8192,256.3,256,2002,GDDR5,GeForce GTX 1070 Leadtek WinFast HURRICANE,0,4.5,500,33,113,1x 8-pin,16nm,64,450.00,7680,4320,0,5,120,211,0,2730
GCN 1.3 Ellesmere XT (x2),2560,1600,1266,1120,0,1,DX 12.0,3,1,0,2048KB(x2),ATI,300,16384,512,256,2000,GDDR5,Radeon RX 480 8GB Crossfire,0,4.5,600,42,81,2x 6-pin,14nm,32 (x2),458.00,4096,2160,1,5,144,365,0,2711
Pascal P104-200-A1,2560,1600,1898,1695,1,1,DX 12.1,3,1,0,2048KB,Nvidia,150,8192,256.3,256,2002,GDDR5,GeForce GTX 1070 Gigabyte Xtreme Gaming,0,4.5,500,33,121,1x 8-pin,16nm,64,480.00,7680,4320,0,5,120,228,0,2730
Pascal P104-200-A1,2560,1600,1683,1506,1,1,DX 12.1,3,1,0,2048KB,Nvidia,150,8192,272,256,2125,GDDR5,GeForce GTX 1070 Palit JetStream,0,4.5,500,33,108,1x 8-pin,16nm,64,485.00,7680,4320,0,5,120,202,0,2730
Pascal P104-200-A1,2560,1600,1721,1531,1,1,DX 12.1,2,2,0,2048KB,Nvidia,150,8192,256.3,256,2002,GDDR5,GeForce GTX 1070 Asus ROG Strix Gaming 8GB,0,4.5,500,33,110,1x 8-pin,16nm,64,485.00,7680,4320,0,5,120,207,0,2730
Maxwell GM204-400-A1,2560,1440,1216,1126,1,1,DX 12.1,3,1,0,2048KB,Nvidia,165,4096,224.4,256,1753,GDDR5,GeForce GTX 980 4GB,0,4.5,500,42,78,2x 6-pin,28nm,64,549.99,5120,3200,1,5,128,156,0,3360
Pascal P104-200-A1,2560,1600,1835,1632,1,1,DX 12.1,3,1,0,2048KB,Nvidia,150,8192,272.3,256,2127,GDDR5,GeForce GTX 1070 Palit Super JetStream,0,4.5,500,33,117,1x 8-pin,16nm,64,560.00,7680,4320,0,5,120,220,0,2730
Pascal P104-200-A1,2560,1600,1873,1670,1,1,DX 12.1,3,1,0,2048KB,Nvidia,150,8192,272,256,2125,GDDR5,GeForce GTX 1070 Palit GameRock Premium,0,4.5,500,33,120,1x 8-pin,16nm,64,585.00,7680,4320,0,5,120,225,0,2730
Pascal P104-200-A1,2560,1600,1835,1632,1,1,DX 12.1,3,1,0,2048KB,Nvidia,150,8192,272.3,256,2127,GDDR5,GeForce GTX 1070 Gainward Phoenix GS,0,4.5,500,33,117,1x 8-pin,16nm,64,585.00,7680,4320,0,5,120,220,0,2730
Pascal P104-200-A1,2560,1600,1873,1670,1,1,DX 12.1,3,1,0,2048KB,Nvidia,150,8192,272.3,256,2127,GDDR5,GeForce GTX 1070 Gainward Phoenix GLH,0,4.5,500,33,120,1x 8-pin,16nm,64,590.00,7680,4320,0,5,120,225,0,2730
Kepler GK104-300-KD-A2 (x2),2560,1440,1110,1032,2,1,DX 12.0,1,1,0,384KB(x2),Nvidia,300,4096,288.4,192,1502,GDDR5,GeForce GTX 660 Ti Gigabyte WindForce 2X OC 2GB Edition SLI,0,4.5,600,42,53,4x 6-pin,28nm,24 (x2),599.00,4096,2160,1,5,112,249,0,4124
Pascal P104-400-A1,2560,1600,1733,1607,1,1,DX 12.1,3,1,0,2048KB,Nvidia,180,8192,320.3,256,1251,GDDR5X,GeForce GTX 1080 EVGA 8GB Edition,0,4.5,500,33,111,1x 8-pin,16nm,64,609.00,7680,4320,1,5,160,277,0,2744
Pascal P104-400-A1,2560,1600,1733,1607,2,1,DX 12.1,3,1,0,2048KB,Nvidia,180,8192,320.3,256,1251,GDDR5X,GeForce GTX 1080 EVGA ACX 3.0 8GB Edition,0,4.5,500,33,111,1x 8-pin,16nm,64,619.00,7680,4320,1,5,160,277,0,2744
Pascal P104-400-A1,2560,1600,1835,1695,1,1,DX 12.1,3,1,0,2048KB,Nvidia,180,8192,320.3,256,1251,GDDR5X,GeForce GTX 1080 Gigabyte G1 Gaming 8GB Edition,0,4.5,500,33,117,1x 8-pin,16nm,64,649.00,7680,4320,1,5,160,294,0,2713
Pascal P104-400-A1,2560,1600,1847,1708,1,1,DX 12.1,3,1,0,2048KB,Nvidia,180,8192,320.3,256,1251,GDDR5X,GeForce GTX 1080 EVGA SuperClocked ACX 3.0 8GB Edition,0,4.5,500,33,118,1x 8-pin,16nm,64,649.00,7680,4320,1,5,160,296,0,2744
Maxwell GM200-310-A1,2560,1600,1140,1051,1,1,DX 12.1,3,1,0,3072KB,Nvidia,250,6144,336.6,384,1753,GDDR5,GeForce GTX 980 Ti Zotac AMP! 6GB Edition,0,4.5,600,42,109,1x 6-pin + 1x 8-pin,28nm,96,649.00,5120,3200,1,5,176,201,0,3104
Maxwell GM200-310-A1,2560,1600,1076,1000,1,1,DX 12.1,3,1,0,3072KB,Nvidia,250,6144,336.6,384,1753,GDDR5,GeForce GTX 980 Ti Zotac 6GB Edition,0,4.5,600,42,103,1x 6-pin + 1x 8-pin,28nm,96,649.00,5120,3200,1,5,176,189,0,3104
Maxwell GM200-310-A1,2560,1600,1076,1000,1,1,DX 12.1,3,1,0,3072KB,Nvidia,250,6144,336.6,384,1753,GDDR5,GeForce GTX 980 Ti MSI 6GB Edition,0,4.5,600,42,103,1x 6-pin + 1x 8-pin,28nm,96,649.00,5120,3200,1,5,176,189,0,3104
Maxwell GM200-310-A1,2560,1600,1076,1000,1,1,DX 12.1,3,1,0,3072KB,Nvidia,250,6144,336.6,384,1753,GDDR5,GeForce GTX 980 Ti Gigabyte 6GB Edition,0,4.5,600,42,103,1x 6-pin + 1x 8-pin,28nm,96,649.00,5120,3200,1,5,176,189,0,3104
Maxwell GM200-310-A1,2560,1600,1076,1000,1,1,DX 12.1,3,1,0,3072KB,Nvidia,250,6144,336.6,384,1753,GDDR5,GeForce GTX 980 Ti EVGA ACX 2.0+ 6GB Edition,0,4.5,600,42,103,1x 6-pin + 1x 8-pin,28nm,96,649.00,5120,3200,1,5,176,189,0,3104
Maxwell GM200-310-A1,2560,1600,1076,1000,1,1,DX 12.1,3,1,0,3072KB,Nvidia,250,6144,336.6,384,1753,GDDR5,GeForce GTX 980 Ti EVGA 6GB Edition,0,4.5,600,42,103,1x 6-pin + 1x 8-pin,28nm,96,649.00,5120,3200,1,5,176,189,0,3104
Maxwell GM200-310-A1,2560,1600,1076,1000,1,1,DX 12.1,3,1,0,3072KB,Nvidia,250,6144,336.6,384,1753,GDDR5,GeForce GTX 980 Ti Asus 6GB Edition,0,4.5,600,42,103,1x 6-pin + 1x 8-pin,28nm,96,649.00,5120,3200,1,5,176,189,0,3104
Maxwell GM200-310-A1,2560,1600,1076,1000,1,1,DX 12.1,3,1,0,3072KB,Nvidia,250,6144,336.6,384,1753,GDDR5,GeForce GTX 980 Ti 6GB,0,4.5,600,42,103,1x 6-pin + 1x 8-pin,28nm,96,649.00,5120,3200,1,5,176,189,0,3105
Maxwell GM204-200-A1 (x2),3840,2160,1178,1050,1,1,DX 12.1,0,1,0,2048KB(x2),Nvidia,325,8192,448.8,256,1753,GDDR5,GeForce GTX 970 4GB SLI,0,4.5,750,42,151,,28nm,64 (x2),659.98,4096,2160,1,5,104,245,0,3360
Pascal P104-400-A1,2560,1600,1771,1632,1,1,DX 12.1,2,2,0,2048KB,Nvidia,300,8192,320.3,256,1251,GDDR5X,GeForce GTX 1080 Asus ROG Strix Gaming 8GB,0,4.5,500,33,113,,16nm,64,669.00,7680,4320,0,5,160,283,0,2683
Maxwell GM200-310-A1,2560,1600,1190,1102,1,1,DX 12.1,3,1,0,3072KB,Nvidia,250,6144,336.6,384,1753,GDDR5,GeForce GTX 980 Ti EVGA Superclocked ACX 2.0+ 6GB Edition,0,4.5,600,42,114,1x 6-pin + 1x 8-pin,28nm,96,669.00,5120,3200,1,5,176,209,0,3104
Maxwell GM200-310-A1,2560,1600,1190,1102,1,1,DX 12.1,3,1,0,3072KB,Nvidia,250,6144,336.6,384,1753,GDDR5,GeForce GTX 980 Ti EVGA Superclocked 6GB Edition,0,4.5,600,42,114,1x 6-pin + 1x 8-pin,28nm,96,669.00,5120,3200,1,5,176,209,0,3104
Pascal P104-400-A1,2560,1600,1860,1721,1,1,DX 12.1,3,1,0,2048KB,Nvidia,215,8192,320.3,256,1251,GDDR5X,GeForce GTX 1080 EVGA FTW ACX 3.0 8GB Edition,0,4.5,500,33,119,2x 8-pin,16nm,64,679.00,7680,4320,1,5,160,298,0,2713
Maxwell GM200-310-A1,2560,1600,1279,1178,1,1,DX 12.1,3,1,0,3072KB,Nvidia,250,6144,340.8,384,1775,GDDR5,GeForce GTX 980 Ti MSI Gaming 6GB Edition,0,4.5,600,42,123,2x 8-pin,28nm,96,679.00,5120,3200,1,5,176,225,0,3104
Maxwell GM200-310-A1,2560,1600,1190,1102,1,1,DX 12.1,3,1,0,3072KB,Nvidia,250,6144,336.6,384,1753,GDDR5,GeForce GTX 980 Ti EVGA Superclocked+ ACX 2.0+ 6GB Edition,0,4.5,600,42,114,1x 6-pin + 1x 8-pin,28nm,96,679.00,5120,3200,1,5,176,209,0,3104
Pascal P102,3840,2160,1582,1480,2,1,DX 12.1,3,1,0,1536KB(x2),Nvidia,220,11264,484.4,176,1376,GDDR5X,GeForce GTX 1080 Ti SLI,0,4.5,600,42,152,1x 6-pin + 1x 8-pin,16nm,48 (x2),699.00,7680,3200,1,5,112,354,0,2462
Pascal P102,3840,2160,1582,1480,2,1,DX 12.1,3,1,0,768KB(x4),Nvidia,220,11264,484.4,88,1376,GDDR5X,GeForce GTX 1080 Ti MSI Gaming X 11GB,0,4.5,600,42,139,1x 6-pin + 1x 8-pin,16nm,22 (x4),699.00,7680,4320,1,5,56,354,0,2462
Pascal P102,3840,2160,1582,1480,2,1,DX 12.1,3,1,0,768KB(x4),Nvidia,220,11264,484.4,88,1376,GDDR5X,GeForce GTX 1080 Ti MSI Founders Edition 11GB,0,4.5,600,42,139,1x 6-pin + 1x 8-pin,16nm,22 (x4),699.00,7680,4320,1,5,56,354,0,2462
Pascal P102,3840,2160,1683,1569,1,1,DX 12.1,3,1,0,768KB(x4),Nvidia,220,11264,502,88,1426,GDDR5X,GeForce GTX 1080 Ti In03D iChiLL X4 11GB,0,4.5,600,42,148,1x 6-pin + 1x 8-pin,16nm,22 (x4),699.00,7680,4320,1,5,56,377,0,2462
Pascal P102,3840,2160,1683,1569,1,1,DX 12.1,3,1,0,3072KB,Nvidia,220,11264,502,352,1426,GDDR5X,GeForce GTX 1080 Ti In03D iChiLL X3 11GB,0,4.5,600,42,148,1x 6-pin + 1x 8-pin,16nm,88,699.00,7680,3200,1,5,224,377,0,2462
Pascal P102,3840,2160,1582,1480,2,1,DX 12.1,3,1,0,768KB(x4),Nvidia,220,11264,484.4,88,1376,GDDR5X,GeForce GTX 1080 Ti KFA Founders Edition 11GB,0,4.5,600,42,139,1x 6-pin + 1x 8-pin,16nm,22 (x4),699.00,7680,4320,1,5,56,354,0,2462
Pascal P102,3840,2160,1582,1480,2,1,DX 12.1,3,1,0,768KB(x4),Nvidia,220,11264,484.4,88,1376,GDDR5X,GeForce GTX 1080 Ti In03D Founders Edition 11GB,0,4.5,600,42,139,1x 6-pin + 1x 8-pin,16nm,22 (x4),699.00,7680,4320,1,5,56,354,0,2462
Pascal P102,3840,2160,1582,1480,2,1,DX 12.1,3,1,0,3072KB,Nvidia,220,11264,484.4,352,1376,GDDR5X,GeForce GTX 1080 Ti,0,4.5,600,42,139,1x 6-pin + 1x 8-pin,16nm,88,699.00,7680,4320,1,5,224,354,0,2462
Pascal P104-400-A1,2560,1600,1733,1607,1,1,DX 12.1,3,1,0,2048KB,Nvidia,180,8192,320.3,256,1251,GDDR5X,GeForce GTX 1080 PNY Founders 8GB Edition,0,4.5,500,33,111,1x 8-pin,16nm,64,699.00,7680,4320,1,5,160,277,0,2744
Pascal P104-400-A1,2560,1600,1733,1607,1,1,DX 12.1,3,1,0,2048KB,Nvidia,180,8192,320.3,256,1251,GDDR5X,GeForce GTX 1080 Palit Founders 8GB Edition,0,4.5,500,33,111,1x 8-pin,16nm,64,699.00,7680,4320,1,5,160,277,0,2744
Pascal P104-400-A1,2560,1600,1733,1607,1,1,DX 12.1,3,1,0,2048KB,Nvidia,180,8192,320,256,1250,GDDR5X,GeForce GTX 1080 MSI Founders 8GB Edition,0,4.5,500,33,111,1x 8-pin,16nm,64,699.00,7680,4320,1,5,160,277,0,2744
Pascal P104-400-A1,2560,1600,1733,1607,2,1,DX 12.1,3,1,0,2048KB,Nvidia,180,8192,320,256,1250,GDDR5X,GeForce GTX 1080 Gigabyte Founders 8GB Edition,0,4.5,500,33,111,1x 8-pin,16nm,64,699.00,7680,4320,1,5,160,277,0,2744
Pascal P104-400-A1,2560,1600,1733,1607,2,1,DX 12.1,3,1,0,2048KB,Nvidia,180,8192,320.3,256,1251,GDDR5X,GeForce GTX 1080 In03D Founders 8GB Edition,0,4.5,500,33,111,1x 8-pin,16nm,64,699.00,7680,4320,1,5,160,277,0,2744
Pascal P104-400-A1,2560,1600,1733,1607,1,1,DX 12.1,3,1,0,2048KB,Nvidia,180,8192,320.3,256,1251,GDDR5X,GeForce GTX 1080 EVGA Founders 8GB Edition,0,4.5,500,33,111,1x 8-pin,16nm,64,699.00,7680,4320,1,5,160,277,0,2744
Pascal P104-400-A1,2560,1600,1733,1607,1,1,DX 12.1,3,1,0,2048KB,Nvidia,180,8192,320.3,256,1251,GDDR5X,GeForce GTX 1080 Asus Founders 8GB Edition,0,4.5,500,33,111,1x 8-pin,16nm,64,699.00,7680,4320,1,5,160,277,0,2744
Maxwell GM200-310-A1,2560,1600,1291,1190,1,1,DX 12.1,3,1,0,3072KB,Nvidia,300,6144,336.6,384,1753,GDDR5,GeForce GTX 980 Ti EVGA Classified ACX 2.0+ 6GB Edition,0,4.5,600,42,124,2x 8-pin,28nm,96,699.00,5120,3200,1,5,176,227,0,3104
Pascal P104-400-A1,2560,1600,1733,1607,1,1,DX 12.1,3,1,0,2048KB,Nvidia,180,8192,320.3,256,1251,GDDR5X,GeForce GTX 1080,0,4.5,500,33,111,1x 8-pin,16nm,64,699.99,7680,4320,1,5,160,277,0,2744
Pascal P104-400-A1,2560,1600,1847,1708,1,1,DX 12.1,3,1,0,2048KB,Nvidia,180,8192,323.3,256,1263,GDDR5X,GeForce GTX 1080 MSI Gaming X 8GB Edition,0,4.5,500,33,118,1x 6-pin + 1x 8-pin,16nm,64,719.00,7680,4320,1,5,160,296,0,2744
Maxwell GM200-310-A1,2560,1600,1304,1203,1,1,DX 12.1,0,1,0,3072KB,Nvidia,250,6144,340.6,384,1774,GDDR5,GeForce GTX 980 Ti MSI Lightning 6GB Edition,0,4.5,600,42,125,1x 6-pin + 1x 8-pin,28nm,96,749.00,5120,3200,1,5,176,230,0,3019
Maxwell GM200-310-A1,2560,1600,1228,1140,1,1,DX 12.1,3,1,0,3072KB,Nvidia,250,6144,336.6,384,1753,GDDR5,GeForce GTX 980 Ti EVGA Hybrid 6GB Edition,0,4.5,600,42,118,1x 6-pin + 1x 8-pin,28nm,96,749.00,5120,3200,1,5,176,216,0,3104
Maxwell GM204-200-A1 (x2),3840,2160,1367,1216,1,1,DX 12.1,3,1,0,2048KB(x2),Nvidia,300,8192,448.8,256,1753,GDDR5,GeForce GTX 970 EVGA FTW+ ACX 2.0+ 4GB Edition SLI,0,4.5,600,42,153,2x 8-pin,28nm,56 (x2),779.00,4096,2160,1,5,104,284,0,3360
Maxwell GM200-310-A1,2560,1600,1228,1140,1,1,DX 12.1,3,1,0,3072KB,Nvidia,250,6144,336.6,384,1753,GDDR5,GeForce GTX 980 Ti EVGA Hydro Copper 6GB Edition,0,4.5,600,42,118,1x 6-pin + 1x 8-pin,28nm,96,799.00,5120,3200,1,5,176,216,0,3104
Pascal P104-400-A1,2560,1600,1936,1784,1,1,DX 12.1,2,2,0,2048KB,Nvidia,300,8192,320.3,256,1251,GDDR5X,GeForce GTX 1080 Asus ROG Strix Gaming OC 8GB Edition,0,4.5,500,33,124,1x 6-pin + 1x 8-pin,16nm,64,829.00,7680,4320,1,5,160,310,0,2744
GCN 1.0 Malta,2560,1600,1000,950,1,1,DX 12.0,4,0,0,768KB(x2),AMD,375,6144,576,384,1500,GDDR5,Radeon HD 8990 (OEM),0,4.4,750,50,64,2x 8-pin,28nm,32 (x2),999.00,2560,1600,1,5,128,256,0,3873
Kepler GK104-355-A2,2560,1440,1019,915,3,1,DX 12.0,1,0,0,512KB(x2),Nvidia,300,4096,384,256,1500,GDDR5,GeForce GTX 690,0,4.5,650,38,65,2x 8-pin,28nm,32 (x2),999.99,4096,2160,1,5,128,261,0,4229
Pascal P104-400-A1 (x2),3840,2160,1733,1607,1,1,DX 12.1,3,1,0,2048KB(x2),Nvidia,360,16384,640.5,256,1251,GDDR5X,GeForce GTX 1080 SLI,0,4.5,600,42,222,2x 8-pin,16nm,64 (x2),"1,199.00",7680,4320,1,5,160,555,0,2744
Maxwell GM200-310-A1 (x2),3840,2160,1076,1000,1,1,DX 12.1,3,1,0,3072KB(x2),Nvidia,500,12288,673.2,384,1753,GDDR5,GeForce GTX 980 Ti 6GB SLI,0,4.5,800,53,207,,28nm,96 (x2),"1,249.00",4096,2160,1,5,176,379,0,3104
Maxwell GM200-310-A1 (x2),3840,2160,1076,1000,1,1,DX 12.1,3,1,0,3072KB(x2),Nvidia,500,12288,673.2,384,1753,GDDR5,GeForce GTX 980 Ti Gigabyte 6GB Edition SLI,0,4.5,800,53,207,,28nm,96 (x2),"1,298.00",4096,2160,1,5,176,379,0,3104
Kepler GK110-300-A1 (x2),2560,1600,902,863,2,1,DX 12.0,1,1,0,1536KB(x2),Nvidia,500,6144,576.8,384,1502,GDDR5,GeForce GTX 780 SLI,0,4.5,750,50,87,,28nm,48 (x2),"1,298.00",4096,2160,1,5,192,346,0,3844